{
  "type": "origins:multiple",

  "head": {
    "type": "origins:action_over_time",
    "rising_action": {
      "type": "origins:execute_command",
      "command": "function thi_endergui:endergui/close/detection/start"
    },
    "entity_action": {
      "type": "origins:and",
      "actions": [
        {
          "type": "origins:execute_command",
          "command": "function thi_endergui:endergui/close/detection/check"
        }
      ]
    },
    "interval": 1
  },

  "took_item": {
    "type": "origins:action_over_time",
    "entity_action": {
      "type": "origins:and",
      "actions": [
        {
          "type": "origins:execute_command",
          "command": "function thi_endergui:endergui/gui_change/main"
        }
      ]
    },
    "interval": 1
  },

  "prevent_ender": {
    "type": "origins:prevent_block_use",
    "block_condition": {
      "type": "origins:block",
      "block": "minecraft:ender_chest"
    }
  }
}
