{
  "name": "Player Tracker",
  "description": "Shift + Right-click to track a random player",

  "type": "origins:multiple",

  "click": {
    "type": "origins:active_self",
    "entity_action": {
      "type": "origins:and",
      "actions": [
        {
          "type": "origins:execute_command",
          "command": "execute as @r[limit=1,distance=1..] at @s run function player_compass:store_player_name"
        },
        {
          "type": "origins:execute_command",
          "command": "function player_compass:player_to_storage with storage player_compass:storage"
        },
        {
          "type": "origins:execute_command",
          "command": "function player_compass:custom_title"
        },
        {
          "type": "origins:equipped_item_action",
          "equipment_slot": "mainhand",
          "action": {
            "type": "origins:and",
            "actions": [
              {
                "type": "origins:modify",
                "modifier": "player_compass:copy_data"
              },
              {
                "type": "origins:modify",
                "modifier": "player_compass:lore"
              }
            ]
          }
        }
      ]
    },
    "cooldown": 1,
    "hud_render": {
        "should_render": false
    },
    "key": {
      "key": "key.use",
      "continuous": false
    },
    "condition": {
      "type": "origins:and",
      "conditions": [
        {
          "type": "origins:equipped_item",
          "equipment_slot": "mainhand",
          "item_condition": {
            "type": "origins:ingredient",
            "ingredient": {
              "item": "minecraft:compass"
            }
          }
        },
        {
          "type": "origins:sneaking"
        }
      ]
    }
  }
}
