{
  "type": "origins:multiple",

  "open": {
    "type": "origins:action_on_entity_use",
    "bientity_action": {
      "type": "origins:and",
      "actions": [
        {
          "type": "origins:target_action",
          "action": {
            "type": "origins:and",
            "actions": [
              {
                "type": "origins:execute_command",
                "command": "tag @s add thi_target"
              }
            ]
          }
        },
        {
          "type": "origins:actor_action",
          "action": {
            "type": "origins:and",
            "actions": [
              {
                "type": "origins:execute_command",
                "command": "tag @s add thi_actor"
              },
              {
                "type": "origins:execute_command",
                "command": "execute store result storage thi_endergui:storage Temp.page int 1 run scoreboard players get @s thi_gui_screen"
              },
              {
                "type": "origins:execute_command",
                "command": "function thi_pocket_main:api/open_gui/main with storage thi_endergui:storage Temp"
              },
              {
                "type": "origins:ender_chest"
              }
            ]
          }
        }
      ]
    },
    "bientity_condition": {
      "type": "origins:and",
      "conditions": [
        {
          "type": "origins:target_condition",
          "condition": {
            "type": "origins:and",
            "conditions": [
              {
                "type": "origins:entity_type",
                "entity_type": "minecraft:player"
              },
              {
                "type": "origins:command",
                "command": "execute unless entity @s[tag=thi_pickpocketed]",
                "comparison": "==",
                "compare_to": 1
              },
              {
                "type": "origins:command",
                "command": "execute unless entity @s[tag=thi_pickpocketing]",
                "comparison": "==",
                "compare_to": 1
              }
            ]

          }
        }
      ]
    },
    "item_condition": {
      "type": "origins:empty"
    },
    "hands": [
        "main_hand"
    ],
    "condition": {
        "type": "origins:sneaking"
    }
  }
}
